s,lift,drag
0.1,16.415008301097647,5.222160742481909
0.15000000000000002,19.11684172866912,1.4621885909371075
0.2,16.667846640021548,4.42290047178581
0.25,17.6774861765426,3.7624361802694035
0.30000000000000004,18.557749391164908,5.357479505523156
0.35,15.171780918989956,3.4707296420683913
0.4,19.801146416109546,4.480650189174188
0.45000000000000007,19.300804350057355,3.7938630601713204
0.5,17.76058326690654,4.29791904152037
0.55,17.10617127840814,1.2802571078146507
0.6,16.94723275815774,3.8121488541200965
0.65,17.622230632375487,5.537697037820145
0.7000000000000001,18.011193385212046,2.9267607445283446
0.75,17.52962998972638,5.52652291777785
0.8,19.150536032933346,7.505153905521647
0.85,14.923690355812866,4.73820607003052
0.9,18.385867370398074,2.2664840996206936
0.9500000000000001,15.356299700621568,3.2728353763769276
1,16.978354681560585,3.96898583462004
1.05,19.03991947733043,3.1272429244641167
1.1,17.741786797854108,2.1826428143120196
1.1500000000000001,17.404776397675242,7.346470112825824
1.2000000000000002,17.726426222149502,2.5307447043095257
1.2500000000000002,19.66420941517257,2.307919036678419
1.3000000000000003,20.296189797788678,4.556847519043535
1.35,19.327660080523266,4.115871378907859
1.4000000000000001,17.952600367988595,1.2998112200900565
1.4500000000000002,20.719569208634468,3.386315931499217
1.5000000000000002,17.488123071732797,5.152455357532717
1.5500000000000003,18.036664697050693,4.222533456999091
1.6,18.221480330513625,2.30371777810348
1.6500000000000001,18.962375736905646,3.337610378491706
1.7000000000000002,16.782455827771376,3.111253626270956
1.7500000000000002,16.76744832053189,4.2076864004373125
1.8000000000000003,20.1206430302826,4.939494993168093
1.85,20.233796200534982,1.3978621073872772
1.9000000000000001,19.605207326935528,5.1027576360847515
1.9500000000000002,19.33126887313209,1.9842396896601326
2,18.64688684593482,3.233124008649267
2.0500000000000003,19.084811896857552,4.965654827583596
2.1,17.06302484312848,3.5090756376863914
2.1500000000000004,15.482688626326972,3.3066277704499205
2.2,18.113396403886945,3.9024753031734125
2.25,19.45928529562008,5.045305436702799
2.3000000000000003,18.081695635630044,3.656156811437438
2.35,18.38878071601132,2.070061929118455
2.4000000000000004,16.960703215321164,2.4439991051026495
2.45,17.779169487871783,4.2245753976278895
2.5000000000000004,17.63791880133809,4.9559522570532675
2.5500000000000003,19.53295585208687,3.0840878642606664
2.6,18.04990546263287,7.4354810177515445
2.6500000000000004,15.735269980444713,3.225875578213201
2.7,22.448647159194756,5.170372635011446
2.7500000000000004,19.091997153239483,4.1487029109401234
2.8000000000000003,18.219950396006688,6.591434854950888
2.85,19.43889703507815,1.9182866836426915
2.9000000000000004,17.658996438319015,4.059715842778954
2.95,16.902995071130412,4.313973694225571
3.0000000000000004,16.530031847306113,3.5168179905049923
3.0500000000000003,18.77676979215327,4.435355507497543
3.1,17.842892735219326,3.6515510149412225
3.1500000000000004,17.10094109164362,2.2723849037333634
3.2,16.521266911018156,0.953848635551676
3.2500000000000004,17.324359729150327,4.5526885324968775
3.3000000000000003,17.764427847792106,4.481339588450119
3.35,18.045775298951636,2.3448502325541036
3.4000000000000004,18.320827089955905,2.1882873527208746
3.45,16.13373778741471,4.2392784077189205
3.5000000000000004,18.449412571980456,5.466206454395909
3.5500000000000003,16.665748866057154,1.0968637853100347
3.6,19.82142322894064,4.998997437911285
3.6500000000000004,16.303428593258804,3.1461578875423895
3.7,19.919199720708292,4.088418923262006
3.7500000000000004,17.75666931567244,4.167516744079876
3.8000000000000003,17.430093375666726,3.3030831361161592
3.85,19.392095115203972,3.2912684381203854
3.9000000000000004,19.08464001497469,2.542681759297519
3.95,18.04357848868593,6.501424410199809
4,19.21569755880393,5.9817827736692735
4.05,15.765255634604703,4.9852285739693505
4.1,17.605034021922386,2.787193335715428
4.1499999999999995,20.468061201322065,3.5661186994116845
4.2,17.29493205819486,3.280873434418395
4.25,16.16450787832895,1.1455423193058838
4.3,17.242303868113588,3.1585055300898923
4.35,15.442487096105523,3.2584693734968866
4.3999999999999995,20.531846227339898,6.727241343393625
4.45,18.538394768895,1.369700351575216
4.5,17.776000449585776,2.3622041375059126
4.55,17.497672370975216,3.2099668725776658
4.6,19.295951080376764,5.756202787863755
4.6499999999999995,18.765381119784898,2.7041365990677604
4.7,18.12153232543347,3.495945593396897
4.75,16.684726523519924,7.300667118337007
4.8,19.244204378985096,2.415281432733218
4.85,18.53212580376953,4.1764266609310345
4.9,18.603331227892244,1.1584842279203853
4.95,16.602024370753906,3.8490605935480113
5,18.43647046786719,6.2885572817623885
5.05,17.233011013949177,1.7463224450731643
5.1,15.398425685708956,4.55677435628336
5.15,21.581452715054148,3.1893378987393683
5.2,19.150869606792536,5.703686751827869
5.25,17.739124106440734,2.947129472350331
5.3,18.34866716036281,2.3622226833736777
5.35,17.55477472535159,3.1964316322256785
5.4,19.077435279497774,4.99259922995398
5.45,16.231156320336368,2.2157820669480035
5.5,19.799609284107117,6.087227029068437
5.55,19.340970754757294,4.5601639153683635
5.6,18.405877291844003,3.0224594282849155
5.65,16.122856480681666,2.4797764379485794
5.7,18.619042764899678,5.11384512832677
5.75,16.73937588299597,0.06976900060479707
5.8,21.340160143366525,5.84528250195308
5.85,17.38403112216976,4.899375476048788
5.9,17.362558587671742,2.5623999698739626
5.95,18.7208374979747,3.0120705502068557
6,20.525163737618474,4.4259564099594275
6.05,18.484745236271063,4.62565783036154
6.1,21.095518954517566,2.5902637061629505
6.15,16.379564367248218,2.085747613353771
6.2,19.73688624651848,3.6385920538754126
6.25,16.608120236138653,5.362035236800164
6.3,16.225112948270557,4.57036040199995
6.35,17.60384127314409,3.121385200656646
6.4,18.038223902852693,5.382307635455555
6.45,16.605841057097667,3.4585052163822336
6.5,16.65139930082439,0.9844605593652531
6.55,19.60787035145272,3.959321159156903
6.6,18.26354229333786,6.981891211693553
6.65,19.792936093710928,4.2724412879537885
6.7,16.24294749063872,4.636848735968824
6.75,19.567651058685904,6.910443999356666
6.8,19.871802581336897,5.212920526333939
6.85,16.520924140028985,5.605227963708716
6.9,19.619343759963105,5.608072846403272
6.95,18.2612434659249,4.644717264257137
7,18.223571508026186,4.747989194175177
7.05,15.785711190102182,5.26270005737738
7.1,17.55355083254064,2.5514747828644717
7.15,15.460046394443761,3.6469169035825457
7.2,16.213910760706177,6.926276648175554
7.25,19.76342876324694,3.6069110218613814
7.3,17.86567228337717,1.5050601976612636
7.35,16.996087528245685,2.6697975063683477
7.4,18.479527094213314,5.5541533957130715
7.45,20.601478561076945,0.5892810048189019
7.5,16.59647907628858,6.071113821751481
7.55,20.29684646739097,2.003607237090111
7.6,19.528532855054912,5.503505382399085
7.65,16.849207099811707,1.1263476136949464
7.7,17.015004302239767,0.6164882797571134
7.75,18.87879836187261,6.8579441049632255
7.8,19.30861152634356,3.6351612173023677
7.85,17.713073468270238,3.1307201506710287
7.9,16.554495322615885,5.557017685463573
7.95,18.767473030982945,3.623419481770527
8,14.63182788275575,4.262164885831788
8.05,16.659884552303993,3.356677352293852
8.1,17.19015678538706,3.425685431039669
8.15,19.22716984645497,2.237262550138638
8.2,17.242198326926445,3.846266457063532
8.25,16.772371329165015,4.247463495664797
8.3,19.44983752181815,4.444648560624833
8.35,19.406760081453953,1.9852897650397963
8.4,21.37813089325653,4.9986207179478805
8.45,16.45802629772619,2.662717807209029
8.5,19.50481282180082,2.0436518987724117
8.55,18.365019976894686,1.434104945201085
8.6,18.70610133750282,6.2703981332952825
8.65,18.738141865174278,3.140793738414753
8.7,19.897053973531637,5.834802268806663
8.75,19.819059368887874,2.760754419734816
8.8,20.143705698388015,1.3684849207625138
8.85,18.557601376433094,0.8201537513885668
8.9,22.077888508689085,3.9773962469560407
8.95,19.153677322126445,5.045464024327352
9,15.549120571082547,2.7640679353524216
9.05,17.783941246077752,3.9668694057451446
9.1,19.989181915013965,2.253687249680846
9.15,19.372453531117394,3.11093963505252
9.2,19.24618030615056,7.288237614350736
9.25,15.099666549892197,0.9585621482055373
9.3,18.783120269064405,5.277918832175728
9.35,19.580539117919294,4.370545348746237
9.4,19.223871326814436,2.5760247229758297
9.45,17.87048799990094,5.054921828690428
9.5,16.48383979369224,2.2618094292414472
9.55,19.724161137162845,1.2497577345410007
9.6,18.472402386946126,3.5858691462040495
9.65,17.561875422733362,5.679152249058684
9.700000000000001,18.722145694479423,4.381411179804889
9.75,18.56365910361293,4.14889950941784
9.8,20.05452745507505,4.6765824206836095
9.85,16.285384074510514,4.468685219630348
9.9,19.227393220428922,5.789885915627938
9.950000000000001,19.939171771126617,4.10258181842353
10,16.955176538365393,0.9066230174192702
10.05,16.713755222291244,3.5233136968103556
10.1,17.046097164366742,4.261241879233222
10.15,18.812331631854413,2.6570239424358237
10.200000000000001,16.91688908482506,0.7185385289268149
10.25,17.386027643794254,2.7869270484175805
10.3,16.862239576605685,5.6092424946609984
10.35,17.79547726527454,3.612011586095929
10.4,20.586557262102986,3.2890311687011167
10.450000000000001,19.321592557502207,3.9075813110988524
10.5,17.907698942811447,3.983147327192431
10.55,17.202268150789678,2.345672948689473
10.6,17.33133160931142,3.267107779664509
10.65,16.58359862239847,6.413594200298936
10.700000000000001,17.15071255509844,3.8015544099915934
10.75,20.597453251810013,2.7657134195348476
10.8,17.359918393103825,2.5729791793033603
10.85,17.159218384227835,2.4054962668598145
10.9,18.990282909996264,3.453767069628986
10.950000000000001,18.591186845665042,3.8115978402820225
11,19.857325669352683,1.7423108545487338
11.05,18.239983251134316,3.8674869770598423
11.1,18.436496475715085,5.3484585369303215
11.15,19.722490202015667,3.0897821526648563
11.200000000000001,19.440939710567296,2.7789191045271213
11.25,17.492176329739944,7.590510804773945
11.3,19.80646236652494,3.302898977667395
11.35,17.766478371657993,1.143279818632891
11.4,15.487641070558631,2.511648546424544
11.450000000000001,16.806879043755355,3.7428625616314513
11.5,17.150846510932425,6.066412373774571
11.55,19.58447135689006,3.5954304781041184
11.6,16.995321896469456,2.165920331412722
11.65,19.032839245000105,5.519299509207691
11.700000000000001,18.687158550024893,4.1248853315020515
11.75,17.673376714256182,2.9262711147172586
11.8,18.352299369439823,5.271022402080548
11.85,17.917747229790756,1.8052247346884593
11.9,19.088688594371128,1.0831837893684244
11.950000000000001,18.42762709299984,3.020245242921885
12,18.23208384653944,2.7207219279843624
12.05,17.32786753866615,4.649746570090623
12.1,19.556902201366373,7.072861331802829
12.15,17.08613829204705,4.905354001627889
12.200000000000001,16.875737748240248,3.462276824949114
12.25,16.94716257720842,4.738055701959285
12.3,17.45183059166132,4.869856846114514
12.35,21.154627838626904,5.910452976792222
12.4,18.610232830597152,2.3528482952380454
12.450000000000001,14.727772965121256,7.0980007241393
12.5,18.80259172612886,3.6925470321234655
12.55,18.497943169440283,4.183252658074391
12.6,16.203789821077642,3.9050479003042295
12.65,18.398494578171412,3.745238616714165
12.700000000000001,17.098358562486236,5.313384198927054
12.75,17.91124179026129,4.064607270148602
12.8,17.956434726290937,3.6202119764759892
12.85,19.68530057346394,1.2867781644850638
12.9,18.232181459729972,2.316138231152741
12.950000000000001,18.370884763388762,3.3366333407726043
13,20.268219579523194,3.877412140539254
13.05,17.520622534611753,4.83060733493995
13.1,20.096659093283332,6.495177880806491
13.15,17.379924588186018,5.601498887316884
13.200000000000001,19.778344688543058,2.790000160772702
13.25,20.2820040495462,4.6956390087177455
13.3,17.338308913644862,3.9149533317403997
13.35,19.084514340938657,3.3863265079594336
13.4,16.03824366797317,4.145491243104391
13.450000000000001,17.91884943561142,1.8599781254120888
13.5,20.284903162652665,2.598913269059843
13.55,19.82715450873079,2.8706157691839373
13.6,16.3875714171253,3.1692165068562197
13.65,19.500366248859994,2.616336321481804
13.700000000000001,21.00228151637479,6.163299838978778
13.75,19.745216172680777,4.456875354122443
13.8,17.673183946844336,3.5118749830448053
13.85,18.475363713359563,3.464989273014509
13.9,19.034175172608666,1.4939315768222352
13.950000000000001,19.984398870279655,1.5676502585152652
14,19.327944047031632,3.687935632841004
14.05,21.12971084058365,4.192230822141051
14.1,16.45231213649662,5.549545784706801
14.15,21.149163035726467,1.6632819865593476
14.200000000000001,17.41183694876928,3.0778137104559073
14.25,17.83581141164013,2.3567298422124265
14.3,19.136595047867523,3.1158258499213742
14.35,18.184180028223327,3.8178662743969123
14.4,19.227699443790904,4.119557011472852
14.450000000000001,18.989974982098218,4.4397482416408955
14.5,18.409560253310907,3.7494720849271497
14.55,18.267756981482407,5.993131565189675
14.6,20.473726328934106,4.277924269996754
14.65,17.285860011007625,6.068327187485869
14.700000000000001,16.77507351509992,2.255826283519101
14.75,18.50893889954049,4.089008017976832
14.8,19.586091812330675,5.369949569058026
14.85,18.872100758970404,5.194361997698867
14.9,18.00925161563337,6.649533591501636
14.950000000000001,18.38563645288658,6.323752917024327
15,16.126797036185305,3.42287342816559
15.05,17.56836409484461,5.4312409960874
15.1,15.114221868507137,1.8244078044341863
15.15,19.11105855787724,5.267593908906815
15.200000000000001,14.868415062695139,4.650251091489292
15.25,17.2098320501848,3.1642459190762198
15.3,16.746742640281095,4.074117278462855
15.35,16.466067303221553,3.2065004455408403
15.4,20.230421264885624,4.852020254727433
15.450000000000001,20.34445440761676,1.913610965183218
15.5,19.90380834967885,7.329086440085044
15.55,16.420335988872313,3.1008801503665153
15.6,17.530677842807954,2.4085089965000406
15.65,15.930602014021167,2.5336073653644418
15.700000000000001,20.313750204827713,5.392218121834427
15.75,19.247581025444294,4.8539626723807325
15.8,18.770903393367334,3.597817580885595
15.85,20.69538336165533,3.860381212389132
15.9,21.392314180814157,3.279703779649389
15.950000000000001,18.37103509473514,2.5583998719016736
16,19.477774838538497,1.662766151507054
16.05,15.968986734306817,3.103609240791873
16.1,18.991895630384043,4.9799873737835325
16.150000000000002,17.37978475432363,1.7410460355610473
16.200000000000003,19.666571238907185,2.392560335624501
16.250000000000004,16.93547348733071,5.589266205131207
16.3,19.11050176206623,3.0137045475274276
16.35,18.214074394276942,6.297589305999972
16.400000000000002,16.521603158503325,3.9378596027028574
16.450000000000003,19.85531022154401,2.4764397510585243
16.500000000000004,19.568683904044317,2.8782622076829902
16.55,17.403267324456905,3.6103761338309983
16.6,19.477943173242174,2.6763519095372406
16.650000000000002,18.46911468434305,2.5119567685126274
16.700000000000003,18.4726907110438,2.7611841748007495
16.750000000000004,17.435920199597682,6.007282168656631
16.8,18.161666201437914,2.6706326264423925
16.85,17.892191478287117,4.407356119659852
16.900000000000002,17.279288437261865,3.319005630308935
16.950000000000003,16.52146130627071,4.0173050085209425
17.000000000000004,20.033505743784144,4.142808292830005
17.05,20.011018098132936,4.804675219222952
17.1,21.285843466443136,4.1604012248840725
17.150000000000002,18.35759851669804,2.7438457668850034
17.200000000000003,17.87912255947936,2.7116182345664583
17.250000000000004,19.049824301114494,4.111283590851848
17.3,18.678759264497884,3.1518873538694296
17.35,18.03184794452479,4.616439523526446
17.400000000000002,17.795193811295764,2.998506999645529
17.450000000000003,19.517247119546486,1.9491841659651954
17.500000000000004,16.5514244104215,4.9119517651281095
17.55,21.532947016444513,3.475349526830324
17.6,17.764673645725352,4.198489810349069
17.650000000000002,18.93019199454204,1.5714210937516517
17.700000000000003,19.154001422426372,5.918409468810486
17.750000000000004,19.295877146378977,0.8016408104554245
17.8,17.86380320968357,3.880230151531672
17.85,19.075990804067487,1.9232386483828516
17.900000000000002,17.6932196430205,1.386731400093296
17.950000000000003,17.699172202077545,4.408532247972323
18.000000000000004,20.22301147139398,4.731545261938396
18.05,20.072721563808887,5.59214178220131
18.1,21.6285120687261,6.424469667950033
18.150000000000002,18.98859325681092,3.171234474260417
18.200000000000003,20.658785244790792,2.206913310992548
18.250000000000004,19.292016890462683,0.9142860711187089
18.3,19.615048235979113,3.0243164421596136
18.35,16.55554806932518,2.029124742966697
18.400000000000002,19.660357745808827,6.027568560060313
18.450000000000003,20.230220570948735,5.400216065283701
18.500000000000004,19.38364729748117,6.2779244495309685
18.55,19.18191308816656,3.3167746610248265
18.6,18.047824729653858,5.9708652424319535
18.650000000000002,15.306117892612228,5.1211788189725
18.700000000000003,17.332961782437014,3.1257517909362056
18.750000000000004,20.46647631756325,2.0835086517303174
18.8,20.031180492551197,6.895476631015514
18.85,16.518624968982234,0.19115994731956842
18.900000000000002,17.408823175262107,1.3881045875992601
18.950000000000003,18.724030595524702,2.2516554292006177
19.000000000000004,19.448455343561363,4.155219693581839
19.05,20.726812920644882,2.011470519505679
19.1,17.390250835702606,2.9402488785818317
19.150000000000002,16.41133775783895,6.1297135672324465
19.200000000000003,16.64480835831253,2.689161747439721
19.250000000000004,15.859914746399438,4.6082794701058525
19.300000000000004,18.292601237794873,5.671555954766925
19.35,17.325758188243377,3.315279154689854
19.400000000000002,17.342227630108237,1.7858031723561374
19.450000000000003,20.125598859269395,4.428756551845176
19.500000000000004,16.17171242707063,3.5381891656201163
19.550000000000004,20.08995047685532,4.745617504839106
19.6,19.896937469553837,5.244297767582589
19.650000000000002,18.533990714021183,3.5761955022972955
19.700000000000003,21.332721694371116,5.600663884763004
19.750000000000004,16.94695205066646,5.426972839854816
19.800000000000004,17.91250535076289,3.080914688719459
19.85,17.646874000247287,5.809626053039792
19.900000000000002,18.287681203219982,4.695558709875806
19.950000000000003,18.283877149516897,-0.6540616144743625
20.000000000000004,17.42861793035002,2.887887236711391
20.050000000000004,18.768172336110243,5.068427709007953
20.1,17.19728937817533,4.5153404572633
20.150000000000002,18.95440923753035,2.0384827213028993
20.200000000000003,17.048574647657958,5.8010443970503545
20.250000000000004,18.562074054117165,3.06403086650913
20.300000000000004,19.11014818566839,5.4756131386173665
20.35,19.34323320442892,3.5046387287264067
20.400000000000002,17.177844856942688,2.268424568587024
20.450000000000003,18.198091869291442,1.6349846347864112
20.500000000000004,15.529961832205473,2.51887941399949
20.550000000000004,19.010014489135475,7.347897090675216
20.6,18.605168311852992,6.382544563675038
20.650000000000002,17.850360751429324,2.4489809580865147
20.700000000000003,18.6120448008138,3.6139441926019176
20.750000000000004,18.01946979600607,3.5417404161090422
20.800000000000004,20.67904219544626,3.8609579774715312
20.85,18.38742142679518,3.019091790033908
20.900000000000002,19.592917711943613,4.877117809522678
20.950000000000003,19.954123664032455,3.4778195099414373
21.000000000000004,18.001675513737226,3.8765195943174344
21.050000000000004,19.15522333976528,3.6775684313287966
21.1,18.801011297834183,3.3066384425875217
21.150000000000002,19.68907102999284,4.99214829048246
21.200000000000003,18.488590983445132,2.5894384354782174
21.250000000000004,19.99898776726358,6.03963492527024
21.300000000000004,15.451141560630141,2.9468324208496153
21.35,19.272940117844133,4.376033731008576
21.400000000000002,19.874177642016324,3.8066396144887964
21.450000000000003,17.194898668689095,1.8299711049030734
21.500000000000004,15.710784059145244,3.14592464601067
21.550000000000004,16.465747725842853,4.535773669445484
21.6,18.995025012511203,2.6175858863022143
21.650000000000002,15.386655889929154,3.8482967915279627
21.700000000000003,18.177782397155053,5.762273045507191
21.750000000000004,17.39059398593153,2.81282168031904
21.800000000000004,19.53552667223099,3.990381376601184
21.85,21.180677388465803,2.138719059556586
21.900000000000002,16.557070423507035,2.662776797592527
21.950000000000003,18.222609671940003,2.7263691780972423
22.000000000000004,20.586781073471524,2.197132700276188
22.050000000000004,18.445245705578778,3.991389248005129
22.1,18.891998171516423,4.432198899498368
22.150000000000002,17.084825209119895,3.8911350982777644
22.200000000000003,15.825963921642646,3.1032039011988606
22.250000000000004,16.23834219736109,3.035811788164721
22.300000000000004,19.352967365554438,5.702705173424189
22.35,19.052448953975134,4.950964339186951
22.400000000000002,15.341872703893134,4.948327111629525
22.450000000000003,18.862633097107725,3.044163658156557
22.500000000000004,19.696222528767226,5.986273193588476
22.550000000000004,15.766914760772474,4.869913497765385
22.6,16.90315808042574,3.520247993864665
22.650000000000002,17.818240916715602,2.765524373844161
22.700000000000003,17.96917066833247,6.310021050362586
22.750000000000004,19.6340969175521,4.038725973766436
22.800000000000004,16.43366437276763,3.9852577432519727
22.85,16.709890009166152,3.915032897376135
22.900000000000002,20.516307984398388,3.695804955133533
22.950000000000003,20.054352679913794,3.2739221729441237
23.000000000000004,18.96588573081587,2.429512549243448
23.050000000000004,20.244050545293234,2.8932897628331262
23.1,19.54252133796861,2.396393749993287
23.150000000000002,18.880072588515517,3.5712829554226557
23.200000000000003,15.38133062686363,4.458215010793952
23.250000000000004,19.85655115944944,4.304018489199903
23.300000000000004,18.347250338390694,4.0399123913011135
23.35,18.582616388258575,6.459977520901996
23.400000000000002,18.630955095014574,2.1172275409384236
23.450000000000003,19.02678791761867,7.172599825533215
23.500000000000004,18.848881028467044,2.958886529723343
23.550000000000004,15.41602564678522,4.1195886485114865
23.6,17.88042196003903,4.372185286504406
23.650000000000002,19.1326535964582,3.573020941648209
23.700000000000003,19.152690043734694,6.43452798165664
23.750000000000004,15.534537420410473,2.6833739986943783
23.800000000000004,22.431233955088096,4.201424353846795
23.85,17.022399500377123,2.6604015094456104
23.900000000000002,18.85789420197878,6.645631043773548
23.950000000000003,18.12943589750171,3.440157468505255
24.000000000000004,18.261284599142495,4.616075684455624
24.050000000000004,21.004652723031803,5.061171160134071
24.1,15.828405765399308,6.83332382759334
24.150000000000002,17.508267040041236,3.2841853902014653
24.200000000000003,18.043527958153486,2.7918290193124573
24.250000000000004,18.605162263423757,6.482952308066766
24.300000000000004,18.249337717635463,3.8075059676740493
24.35,16.877810211542343,2.845256365517227
24.400000000000002,18.036108682737357,2.4924865175730915
24.450000000000003,17.93637004033788,5.347932824133046
24.500000000000004,17.49333497154793,-2.1535998822847766
24.550000000000004,16.430334841664877,1.401833053711139
24.6,20.62697545331272,2.6341826220090576
24.650000000000002,20.272833624601304,3.563857215990252
24.700000000000003,16.218486259926067,4.576132487859764
24.750000000000004,18.885794716745863,5.155352443423157
24.800000000000004,18.756050393370547,3.8225883923512964
24.85,17.15139463049851,3.7150950176633395
24.900000000000002,18.915182688091754,3.1784331899078664
24.950000000000003,16.602430730935172,4.259715737795917
25.000000000000004,18.21443448232387,5.623110694332291
25.050000000000004,17.551933400917704,5.577906986636224
25.1,18.053416684074904,3.5081836771732946
25.150000000000002,18.488175536479655,3.5905141409392756
25.200000000000003,19.33336664869649,3.5837325440067254
25.250000000000004,19.940773380679968,4.16018445357847
25.300000000000004,17.62262551789421,2.155442498823154
25.35,16.225092839749685,4.867737253470573
25.400000000000002,17.76668331472443,2.2081477349053085
25.450000000000003,19.703359355355733,3.8896986166301644
25.500000000000004,18.853719382987997,5.645253762681794
25.550000000000004,17.212460303083876,4.787465643770206
25.6,15.621622534344404,5.622220411401348
25.650000000000002,19.847967511792273,5.308235162984771
25.700000000000003,18.637377938285,1.1279375474164035
25.750000000000004,21.271549042143885,1.9859262314109922
25.800000000000004,20.4042744791263,5.492605672158953
25.85,16.20241854230821,5.271534500681546
25.900000000000002,20.329631976284425,3.214786903180524
25.950000000000003,18.254848925452304,8.138805818339023
26.000000000000004,18.97292249765392,4.381602085621683
26.050000000000004,20.033683025558496,1.006273518642013
26.1,18.202527449684574,6.274093258740784
26.150000000000002,18.9260614983037,3.8756130649165597
26.200000000000003,18.040468120713395,4.384096243646623
26.250000000000004,18.664057700379857,2.814504334513968
26.300000000000004,20.364047494206265,3.734656991950147
26.35,14.30678823190922,0.9761951614208555
26.400000000000002,16.681227774898375,4.71747689239438
26.450000000000003,16.431187364973546,4.885445166727498
26.500000000000004,19.11935465758796,3.6910508227232315
26.550000000000004,20.749549588084747,2.711663939206697
26.6,16.81716551353659,0.7907078271446917
26.650000000000002,17.249412026852102,4.443013864119317
26.700000000000003,19.127566584185118,4.744867071456759
26.750000000000004,20.510021058458882,3.3940668000593956
26.800000000000004,16.884693745676596,2.5149328000802877
26.85,18.266450004496964,1.1119167295193666
26.900000000000002,18.990669248979383,5.651944002601192
26.950000000000003,20.77621679978807,4.352932364377779
27.000000000000004,19.752550826459988,6.279998426943569
27.050000000000004,19.113733017660024,5.602673067248027
27.1,18.77630012883708,9.271942626328942
27.150000000000002,18.686710386801618,4.641591627593777
27.200000000000003,16.919941926464354,5.937777340102445
27.250000000000004,17.456730520906518,5.457622584220806
27.300000000000004,17.718438564667235,4.796721430819625
27.35,17.67391099303884,4.083913520457808
27.400000000000002,18.961997352361795,0.9642359328115111
27.450000000000003,17.170464763909287,4.552705704539528
27.500000000000004,16.21767624888231,1.454112649671548
27.550000000000004,18.93779389639563,5.191012641962368
27.6,15.745223166226097,2.6691535743779182
27.650000000000002,20.310376613117306,1.6778860997807183
27.700000000000003,17.340201789885118,4.351499444477314
27.750000000000004,17.766013970393285,2.8500604543372186
27.800000000000004,18.42959584107476,4.788181955386036
27.85,17.207292075257836,1.8360907454098943
27.900000000000002,16.775938135498606,2.375964322809183
27.950000000000003,19.722880052459445,1.6481328812578013
28.000000000000004,17.346457547909914,1.435729458454361
28.050000000000004,17.383361316639565,5.007679276459765
28.1,17.4768866372743,8.155557677084886
28.150000000000002,17.377321591408517,2.9611329607159846
28.200000000000003,16.108357903015282,2.3083512340730605
28.250000000000004,17.487026658896482,4.478321627001206
28.300000000000004,19.237716100589807,3.9336405170354785
28.35,19.12730793693339,4.050710551859112
28.400000000000002,19.251081702052375,4.512524001826499
28.450000000000003,18.640699705934416,2.769800365821239
28.500000000000004,17.93367293280924,4.854951160176201
28.550000000000004,19.72296422132751,4.656469647084952
28.6,18.370729083623683,5.280085354108579
28.650000000000002,18.301760452401716,3.2330455327211016
28.700000000000003,19.068068168625906,4.702896392829191
28.750000000000004,17.003491265526293,2.72375554704034
28.800000000000004,16.138092974063674,2.9376239114869045
28.85,18.376331571854315,4.488026603119234
28.900000000000002,17.610027189742112,2.314433663796586
28.950000000000003,18.44526357470106,3.483255688074453
29.000000000000004,21.469850477729356,4.9926534498197395
29.050000000000004,19.697726915781644,3.806680557111958
29.1,17.992305599303254,2.111749936973692
29.150000000000002,21.67915993129185,3.1551587112888164
29.200000000000003,20.573809487882876,6.289316522056934
29.250000000000004,18.367878298757862,4.636945194321564
29.300000000000004,17.75689922275896,5.211329419721142
29.35,18.363982592081324,2.4654806209758275
29.400000000000002,17.932799939972966,7.568773148936579
29.450000000000003,16.821008622731565,0.843673055273368
29.500000000000004,15.584466759511212,3.5862588475631028
29.550000000000004,18.195825187254044,2.6845867977195885
29.6,16.022275533672417,4.811492653981112
29.650000000000002,19.55830465972364,3.489991916054511
29.700000000000003,16.06802169064364,3.9295727936838425
29.750000000000004,20.249845350544987,4.231511727222435
29.800000000000004,17.274669371324233,0.9865549504124003
29.85,15.747703335777409,2.4069394622969815
29.900000000000002,18.114806034993862,4.2150125885167835
29.950000000000003,16.505387040370366,3.9466601684778735
30.000000000000004,18.8954385587592,4.21097146043132
30.050000000000004,21.851578464222253,4.632136695442821
30.1,17.89431201272403,2.32140272211312
30.150000000000002,18.77438617000751,6.673286240744773
30.200000000000003,19.431670642512586,3.4285668305702264
30.250000000000004,19.146834961303703,4.582167122400154
30.300000000000004,18.83822538412504,4.5778721245061265
30.35,19.82720374218094,6.599853933511096
30.400000000000002,17.91284847166315,1.5581178437015657
30.450000000000003,21.58766955996553,0.9561421204224407
30.500000000000004,19.239703906430552,5.080311378695889
30.550000000000004,19.448335818031577,3.984812945717362
30.6,21.216562599174644,3.293573982847296
30.650000000000002,17.602355753217314,4.16336507961386
30.700000000000003,18.020422785772386,6.939747773315133
30.750000000000004,18.892303566459763,1.8754519683706379
30.800000000000004,18.163172705285948,4.903895866674537
30.85,17.97460817503298,2.281184790828735
30.900000000000002,16.20887944504391,2.2047435402516364
30.950000000000003,16.40279140775389,2.0667698660988583
31.000000000000004,20.364146396552478,5.113081867986613
31.050000000000004,19.703720788019314,3.5031553750145235
31.1,19.69950084715961,3.5555991367266695
31.150000000000002,20.09586594800975,3.702470135808042
31.200000000000003,17.2401088068774,1.4244642114232526
31.250000000000004,17.379186968373954,1.5060155215818414
31.300000000000004,18.157676799589947,5.118605546593808
31.35,19.10048698616355,1.9153486545931375
31.400000000000002,18.653776352161884,3.693560824806345
31.450000000000003,19.60842523192116,1.7318348677713553
31.500000000000004,18.128098775380778,3.5879116513598697
31.550000000000004,21.345022581585173,7.686672344262291
31.6,17.410334297645118,6.682147901038587
31.650000000000002,15.87587412601148,4.26901467826608
31.700000000000003,16.388880402844837,4.17387826449552
31.750000000000004,17.32072922884596,3.7179020654729635
31.800000000000004,17.52385268301663,4.816507372726206
31.85,17.630310343603053,4.82521775205159
31.900000000000002,21.012245239622793,3.7133392978401423
31.950000000000003,21.88629242722334,3.8816440448142093
32,20.158822064653847,4.233708763214498
32.050000000000004,18.969257239752874,2.9854000694699425
32.1,17.961756707410213,4.9182125356628115
32.150000000000006,19.356229762491196,5.593814297499616
32.2,21.02049113320643,6.469892562835238
32.25,17.057030110961914,4.726237386471161
32.300000000000004,20.383842011913615,3.5923758657016176
32.35,15.622851612941,0.44461521942201543
32.400000000000006,18.743131299589454,2.5705362732261996
32.45,20.997887020653437,3.633259352922576
32.5,18.016465693054364,4.396297693338592
32.550000000000004,19.30056620913043,3.89417515794511
32.6,17.408201694393,4.867852422156184
32.650000000000006,19.11056821514001,0.279791638252755
32.7,17.333228961661483,3.1231268683829203
32.75,16.522427701398566,3.464845742654337
32.800000000000004,17.81311454465087,2.9469232562482457
32.85,17.72929229675109,4.035267330468217
32.900000000000006,18.94555235870958,4.625664904415545
32.95,19.52243325950756,2.2154952483675117
33,23.26061522204374,2.9716833006703816
33.050000000000004,19.056340355012974,5.625404132835412
33.1,18.79626561534451,2.5460557349748556
33.150000000000006,16.840275635925014,4.219954232921657
33.2,17.17547316983667,3.565663367633818
33.25,17.297206852184637,2.5264851174143494
33.300000000000004,20.478801291155225,2.564770370118247
33.35,18.49440098743911,2.2069656655777683
33.400000000000006,17.152924274767994,4.2741673178975415
33.45,15.351099210960333,4.6667157624162545
33.5,19.352798812278483,5.399386920379768
33.550000000000004,17.493537904865672,4.623578049910393
33.6,18.11802565165463,2.623197490178966
33.650000000000006,19.712694494403117,3.1829421560672966
33.7,18.9582218208489,4.973127860563986
33.75,17.96563558534213,3.6272530308558806
33.800000000000004,20.753503695948698,4.143749345754369
33.85,20.158098977581467,4.331502367340448
33.900000000000006,17.345985008178744,4.075116204520654
33.95,17.679723887433717,4.804118363878996
34,17.60399761168346,5.003849299524344
34.050000000000004,20.250597131614054,4.931947902055933
34.1,17.95321562357191,5.739301334290379
34.150000000000006,17.641788737878667,4.338307751487994
34.2,14.662028787485093,1.7939658754356311
34.25,18.08186332593916,3.4495346928398245
34.300000000000004,16.303618179342724,6.197433247220536
34.35,19.64868243970784,4.03299265837604
34.400000000000006,17.021337240513557,3.022351571231309
34.45,20.07925357691031,4.743283035544416
34.5,18.205072898383726,3.3227255061236143
34.550000000000004,19.04876247528633,1.9182717730711025
34.6,18.883996237802858,3.357928992118315
34.650000000000006,19.052123898835838,5.093463734528582
34.7,16.57203104707395,5.467184270127715
34.75,18.569872472876142,2.719322624831514
34.800000000000004,16.732523173593712,5.210539443066513
34.85,18.132101311213603,3.920965323990379
34.900000000000006,20.338714177672212,2.198368072437695
34.95,18.04977372155982,5.913045222505033
35,16.839162075639948,4.6365306880039805
35.050000000000004,20.105684208569766,4.7927496776829175
35.1,18.667442306897247,2.13764937442159
35.150000000000006,18.482932354955537,3.6197876317853135
35.2,18.9081717572542,2.468431879996041
35.25,16.191156956652414,2.508482611646974
35.300000000000004,19.9936152456191,1.6791240961674982
35.35,19.356674645375747,3.8454148383973714
35.400000000000006,18.079451197189865,0.6280231082124716
35.45,19.74493479357753,1.5508826732002543
35.5,18.837182433227376,5.491117921504435
35.550000000000004,15.835078680255386,5.411476570451826
35.6,18.39519765473984,4.786850446941418
35.650000000000006,16.983235879838748,5.502077714172572
35.7,18.930449976078663,7.12694218168002
35.75,18.941316915065286,4.2612500671467215
35.800000000000004,14.751719008114282,2.1118746684669043
35.85,17.022118200810873,1.5244471527411032
35.900000000000006,17.80926328563503,3.900311586622323
35.95,17.80905041366381,6.121003296007207
36,19.01924531340174,2.829096706522486
36.050000000000004,19.205968483432027,3.699333967728655
36.1,18.07360206834391,3.6283781759369473
36.150000000000006,17.972002286759786,2.2887279227203603
36.2,19.635887549046966,3.252612337649418
36.25,18.87504738917121,4.8186681729631635
36.300000000000004,17.846922623611857,3.534351076695791
36.35,17.848867343312488,3.8949192681419778
36.400000000000006,17.33606058482116,3.276244169257195
36.45,20.157567527448915,4.979732896780609
36.5,18.15879611226518,5.012937535583973
36.550000000000004,18.495858318611777,2.1070119700795136
36.6,20.20396145053267,4.4208791020984926
36.650000000000006,17.591725489347933,1.8932977092903047
36.7,17.76606784678785,3.0363100829604686
36.75,15.773774756626075,3.2539799896935566
36.800000000000004,19.873842599345103,4.3667126504463205
36.85,17.44701038767745,2.9414341074326664
36.900000000000006,15.838585838038224,3.756435172997563
36.95,17.62187861776763,4.500052528229091
37,18.761872906679887,3.044905582858134
37.050000000000004,18.831097403642726,4.620089516981566
37.1,18.369289912144524,5.402131464042752
37.150000000000006,18.26298439187062,5.1041545339188765
37.2,19.604923982197217,3.9077492590034035
37.25,19.080903853439445,3.065178983236251
37.300000000000004,18.3128082918581,2.4703991335136557
37.35,18.927889244959502,3.099614371806666
37.400000000000006,18.72543610678312,4.828786528252738
37.45,18.30077156633572,3.763440138721777
37.5,17.40889561623146,5.926400784428857
37.550000000000004,15.84948749632372,4.4521475436306055
37.6,15.131503840602807,4.909641336546345
37.650000000000006,17.769358750483438,4.992616291407126
37.7,20.324766441392633,2.9682260775264475
37.75,15.535218254053813,3.949657695950248
37.800000000000004,16.97379421097356,4.6904502349577095
37.85,19.782642587894113,2.901526070201198
37.900000000000006,17.294484662639686,3.209612085827727
37.95,21.167769267610268,4.044870258968489
38,17.532598438809927,5.503370120512134
38.050000000000004,21.310650823509828,3.230215494162578
38.1,18.41800096191999,4.824769899857726
38.150000000000006,19.038759148583935,3.710501287155945
38.2,15.42654917726805,5.043136707690657
38.25,19.258867839461963,5.22551997983804
38.300000000000004,16.691675760695084,2.4891578759107196
38.35,16.680605305709985,2.867812390312939
38.400000000000006,17.048948906996277,5.614467095894869
38.45,16.967868775086995,2.2905963513963554
38.50000000000001,19.547936807030506,3.4701171046509334
38.550000000000004,19.303898576263943,4.626604582701779
38.6,17.302063906344923,5.303687494128162
38.650000000000006,20.393339761588418,3.6025958419334105
38.7,16.68038649375422,3.0791369697849964
38.75000000000001,20.315658809805786,3.797309297313659
38.800000000000004,18.181325061451663,6.311671090672549
38.85,18.009315456081627,2.601854581533829
38.900000000000006,19.856324653428274,0.14345933084691653
38.95,19.939954005864525,3.8980684801832886
39.00000000000001,16.75764981498916,5.064709303673721
39.050000000000004,20.912968994584432,3.806863251699289
39.1,18.03034374397904,4.490924710166861
39.150000000000006,19.289217368722696,3.72682420850425
39.2,16.330228572768597,6.143564074670019
39.25000000000001,19.370429994296867,5.357768609865975
39.300000000000004,17.201999929631924,4.921899918808488
39.35,20.439195695644678,4.050871158312917
39.400000000000006,15.942369505622597,4.4372662862041
39.45,18.80365536565387,2.9526373101663728
39.50000000000001,14.700177631674025,3.9258797973545456
39.550000000000004,19.740583391232857,3.198797124700142
39.6,16.409790860662426,3.8204677780027687
39.650000000000006,17.062759382173514,2.325374913958772
39.7,17.85086502167813,6.477187626786166
39.75000000000001,18.29901885566306,2.848512528699942
39.800000000000004,17.478078711669077,3.942057229838584
39.85,16.52994118685655,2.024051015271391
39.900000000000006,18.03515897005192,3.1708592544716656
39.95,20.113574794197426,2.22833589886121
40.00000000000001,18.826956267416293,2.6155398215312284
40.050000000000004,19.52414757371842,1.62368620128137
40.1,17.528267643738715,4.138474581383039
40.150000000000006,17.77239455747991,1.7135679894360933
40.2,15.563370026875209,4.55720884752432
40.25000000000001,18.811411253887137,5.024525435785322
40.300000000000004,19.650112366920055,2.7662532153707406
40.35,17.251427396459622,6.895569599768278
40.400000000000006,20.618943058613606,5.482735054082254
40.45,18.565689940838638,2.2871101418392756
40.50000000000001,13.566605239376267,5.035659378241159
40.550000000000004,16.143256863335843,2.383455210589198
40.6,19.33106151538744,1.0489235035646791
40.650000000000006,17.722141180743915,3.3121703332342562
40.7,15.04074765284168,3.832735609728813
40.75000000000001,18.06807442180706,3.9849986952576772
40.800000000000004,17.780453201386763,2.658572461589816
40.85,18.948199160472434,5.297335566470114
40.900000000000006,17.530828821996487,2.7361421019581713
40.95,18.23268793145825,2.301682575570711
41.00000000000001,18.27830925560947,0.5045493830565517
41.050000000000004,19.92095247316854,4.057402528732942
41.1,17.654510581211326,2.414963522884871
41.150000000000006,19.35613529257468,4.010609032158422
41.2,19.605547538659827,1.1281265110193086
41.25000000000001,20.560760514490834,1.650357817049664
41.300000000000004,19.588850234772995,2.849612899538262
41.35,16.753466103578404,4.3199933356928675
41.400000000000006,18.264211902981494,3.033822551261521
41.45,18.05362650597319,7.741039249574757
41.50000000000001,18.30866672065912,3.6177763664546587
41.550000000000004,20.221078104622176,4.098310418621671
41.6,21.63756455492786,5.161623950012196
41.650000000000006,16.17388524038213,4.597586034197866
41.7,17.523837297836604,2.6142795840240822
41.75000000000001,19.34692905094195,1.53669095920214
41.800000000000004,18.463309176701365,2.2857967301293747
41.85,16.48410972024643,4.496421220018643
41.900000000000006,19.377119324658292,3.7874495748422756
41.95,16.471108329371994,6.358667694544982
42.00000000000001,17.88419664070575,4.271664927041014
42.050000000000004,19.097932785265815,4.3630026316402795
42.1,18.83782412089228,4.77240925411755
42.150000000000006,18.401536577336547,4.149557907882412
42.2,16.928242986663484,3.462436102690829
42.25000000000001,16.55606043852075,2.1535348893733848
42.300000000000004,17.620964283493265,6.66130732161052
42.35,19.681183023352535,1.975467288377699
42.400000000000006,19.016232399252118,4.635198387009882
42.45,17.730822962020937,1.454357311675115
42.50000000000001,19.23293692778857,5.4856945811589695
42.550000000000004,19.84559375369814,2.8304153116311213
42.6,19.421431654912737,5.569070471061688
42.650000000000006,20.415779701336735,5.018015708879645
42.7,17.013267748376027,1.1139157316613946
42.75000000000001,17.362167938382527,2.992262854846128
42.800000000000004,18.67930963855246,3.679876646274522
42.85,18.868967255531306,1.8315747215932827
42.900000000000006,19.182066513241267,5.831753977928925
42.95,17.329561716698823,4.057971104035439
43.00000000000001,17.91126403764291,4.0626801449686685
43.050000000000004,14.046417867844106,4.119172548242255
43.1,19.822346515500296,4.051513606487941
43.150000000000006,18.202769696099896,3.1596375992295043
43.2,16.5670415677057,4.628726593824998
43.25000000000001,16.864303502251676,3.7769958206241303
43.300000000000004,17.875602940993144,4.017728734807356
43.35,17.79942199026541,6.39028290412814
43.400000000000006,18.51807510080059,4.387937509402512
43.45,18.023315082732417,1.8567507252560067
43.50000000000001,20.12629105138288,3.8929284315962205
43.550000000000004,20.127407711892406,3.050344371285011
43.6,15.78893569386795,6.1070278726177385
43.650000000000006,21.91107828252849,4.687220054467421
43.7,17.8769973936209,5.824604685654773
43.75000000000001,19.347739456848576,4.169830942172058
43.800000000000004,14.78935851923103,5.691640397662903
43.85,19.45360912305744,3.3774665084636726
43.900000000000006,18.48334669980531,5.305841455378628
43.95,17.046824672998042,4.601988894839412
44.00000000000001,18.437676387398486,3.087251991427057
44.050000000000004,18.43165819287743,2.8847906706107027
44.1,18.8155460645674,3.1650796752817434
44.150000000000006,20.75470306844739,1.779904270583021
44.2,17.28854811707017,2.7591631662836336
44.25000000000001,16.36774881800339,5.277274511170005
44.300000000000004,17.39279151881363,7.371021860874597
44.35,19.45626385092717,3.745994060224332
44.400000000000006,17.26916756789864,4.625092263860187
44.45,16.64202203486869,6.244440461197035
44.50000000000001,16.123530434145753,3.5410398143882236
44.550000000000004,15.139623092386792,4.249259908544
44.6,18.697531439497613,5.333282317800865
44.650000000000006,19.663376260009976,5.589061499290787
44.7,18.808610626506113,5.031962155390156
44.75000000000001,17.180247747231032,3.7577433989552484
44.800000000000004,20.07640198886125,2.0226173155155553
44.85,18.782316866003445,4.79679462505038
44.900000000000006,18.180337443095176,3.0021406289646064
44.95,18.96827095793564,6.112988004338056
45.00000000000001,17.19724250414707,7.802826751153413
45.050000000000004,18.00135660267716,4.761694724333275
45.1,16.727685887299078,4.250435089417742
45.150000000000006,19.555663247182203,4.483035365650889
45.2,18.010382028946932,4.980836283586677
45.25000000000001,15.881130293179197,4.428732139297851
45.300000000000004,16.93143282726675,5.341840847728749
45.35,19.285819031010487,3.9710406335450843
45.400000000000006,20.301544700741665,4.692216557378396
45.45,17.6167278569286,2.6921495101501893
45.50000000000001,19.917794270055992,5.577231533138223
45.550000000000004,19.341686582133036,2.7258668676536617
45.6,17.216644108453973,3.7460842104212153
45.650000000000006,19.20699070618789,6.085281749131255
45.7,19.172257492334186,4.426794562715328
45.75000000000001,16.003390343230983,5.070783092948604
45.800000000000004,18.067849373858163,3.197013977577703
45.85,18.861148992945324,3.1104090762116052
45.900000000000006,18.964404782419226,3.134844640347961
45.95,17.361513243569682,4.031538046701457
46.00000000000001,20.263208798376468,3.4890643739596445
46.050000000000004,19.74339517689543,4.737866498651181
46.1,18.23651198473015,6.243426349748517
46.150000000000006,16.912126243552883,4.034935881737978
46.2,16.073617472870758,3.6409791512136764
46.25000000000001,21.653948672396663,5.374077762237228
46.300000000000004,18.098047896646925,2.883527246512547
46.35,15.737945762686378,4.569441282882208
46.400000000000006,17.36892957362217,1.968763012208687
46.45,17.96524359572005,4.249221859354021
46.50000000000001,21.180250666207115,2.434428621401008
46.550000000000004,15.142601926202868,3.403821733337236
46.6,16.650471966864096,4.247528035249133
46.650000000000006,17.43567028682587,3.2641935930163255
46.7,15.984506199588118,3.627367487061993
46.75000000000001,17.623663008064046,2.61098400915925
46.800000000000004,16.72260927178984,8.058183691028443
46.85,16.616555828003865,3.476466798620919
46.900000000000006,15.87818137480513,6.321066070583649
46.95,18.515853506985,3.3342057996770365
47.00000000000001,17.847666284159093,5.108388763978001
47.050000000000004,18.578877343476798,3.421928103363189
47.1,17.706208664850124,4.897748268517612
47.150000000000006,19.311436623503436,3.181261293888922
47.2,21.75051106979338,6.619791651679285
47.25000000000001,18.912691395266148,5.249159374298507
47.300000000000004,17.011255294912146,2.310679383889869
47.35,18.266770966094665,5.177467931345045
47.400000000000006,18.452120897366214,5.138645388005798
47.45,20.951563029217752,4.878525639223097
47.50000000000001,19.732091187571438,4.5384022094285035
47.550000000000004,20.377832654437647,3.4190204472063925
47.6,19.425756782487994,5.353866135477906
47.650000000000006,18.97942692203596,3.9494867728065057
47.7,18.491770792527745,2.2479529082933234
47.75000000000001,16.700844964823517,5.314143574338237
47.800000000000004,18.047357693107905,2.054385438149904
47.85,19.419662670014105,5.500383950591046
47.900000000000006,17.776233387183012,3.950975364009818
47.95,17.58616872136918,3.9155443971586603
48.00000000000001,19.781629979662974,4.600860738453904
48.050000000000004,18.106823673580674,3.6624404138689193
48.1,17.038451277820933,3.2069975061421623
48.150000000000006,16.73461595431083,5.0045064643361785
48.2,18.097139424022515,3.318644835408505
48.25000000000001,17.671046730292893,2.559229316597039
48.300000000000004,17.753447804703676,4.142358044988599
48.35,20.7143455980769,5.072746899447557
48.400000000000006,20.669772161204726,4.080602138194497
48.45,18.064392864462587,4.8019527933714645
48.50000000000001,18.86991854455134,3.107252464431654
48.550000000000004,16.84899176370592,3.752473699680937
48.6,18.31941445133151,1.5944829785544195
48.650000000000006,17.462262288695708,3.0479317425157224
48.7,18.586746456192852,3.9991368264609783
48.75000000000001,18.843303850755685,4.575622216978076
48.800000000000004,19.026819443896066,4.3148270980447485
48.85,18.22224239852236,3.9355659367045166
48.900000000000006,14.485032618658094,2.9242868259818637
48.95,18.766943682843475,6.0954843207723215
49.00000000000001,17.20716274441197,1.7788042396148942
49.050000000000004,15.559560141668808,3.0555443990591584
49.1,18.565423790131526,3.008181721408958
49.150000000000006,18.11508761965532,2.513819693852809
49.2,15.738536713946942,5.258557948515611
49.25000000000001,17.416584129913268,5.271476590236858
49.300000000000004,18.690238804410196,4.31426793403456
49.35,20.432371762905877,4.4718738679092604
49.400000000000006,18.516875845663083,3.332402195273384
49.45,18.775042857083964,3.7139598685010236
49.50000000000001,15.421393999334109,1.0694168021217525
49.550000000000004,19.35245029366331,4.703153207538121
49.6,20.49070472090044,1.7928606744930984
49.650000000000006,19.858379204547163,0.04542130357903851
49.7,17.647082283526235,3.8008645292907457
49.75000000000001,20.054839233441307,4.573678870836634
49.800000000000004,19.555650882065848,2.9028258415099484
49.85,19.965037795324264,3.9300989522380765
49.900000000000006,18.04833582215807,3.8648431153049936
49.95,18.44032960371087,4.757172740438481
50.00000000000001,17.909285274118805,3.861581638161434
50.050000000000004,16.766076492133863,5.039774597803108
50.1,18.426262246571063,3.1064543135262186
50.150000000000006,19.352761508674448,3.8547682090452224
50.2,17.692870950453795,2.270208258028118
50.25000000000001,20.144062252562495,2.4689651395994923
50.300000000000004,18.530309543593496,2.1267674477790273
50.35,18.801254153771833,5.772883103386668
50.400000000000006,17.897707478898102,3.3367458160190893
50.45,18.358945213784402,5.382878730751893
50.50000000000001,20.871048014874933,3.7645344318707874
50.550000000000004,15.819840446326364,4.239682601890905
50.6,19.483399950038528,2.0581669911037332
50.650000000000006,17.416037234292315,4.873534984226584
50.7,17.317464994891,2.8686223367481767
50.75000000000001,15.374548809978451,2.530419329784858
50.800000000000004,16.5286688302074,5.26882682424251
50.85,17.26419849722501,2.7339488875354245
50.900000000000006,17.549646402774513,5.362219020416525
50.95,15.740178497379617,2.9605457787975737
51.00000000000001,17.997406934652297,4.119799188635776
51.050000000000004,19.481189175458475,1.5630704631414014
51.1,19.888745827758658,5.949502711963907
51.150000000000006,18.07548398485725,4.022008738367076
51.2,16.713517292402113,3.9974675057049005
51.25000000000001,20.049303691035618,3.8623731961163013
51.300000000000004,18.624244080031158,2.5126655240766063
51.35,17.271856385405552,5.151038194505501
51.400000000000006,19.2114340439268,5.072465782374915
51.45,19.96939645042138,4.645461221309938
51.50000000000001,19.742002002943007,3.973657335654998
51.550000000000004,18.676484028265573,5.3555241234155355
51.6,17.606716157744355,3.7620875494506043
51.650000000000006,18.3242887392291,3.881050327589823
51.7,18.54330623275195,5.795062870709739
51.75000000000001,19.912831969619425,2.425223713243235
51.800000000000004,17.95942558418667,3.4394656157198167
51.85,15.662757431023497,4.7323599994119085
51.900000000000006,17.69126670387344,2.004714771721498
51.95,16.65551456830096,2.9007052375344102
52.00000000000001,16.96504895200116,2.182869496631657
52.050000000000004,17.197864472652405,3.8831697227697055
52.1,18.63136553637623,4.976998461775924
52.150000000000006,18.615668318962875,5.347796677073976
52.2,18.44660812897643,1.8999556828461348
52.25000000000001,20.69609957325111,3.3716071357852586
52.300000000000004,18.733715504681854,1.5581415713235516
52.35,16.984069958448707,7.336377528302133
52.400000000000006,20.96200426967777,4.174969213330648
52.45,18.948243326353374,5.515169840662114
52.50000000000001,18.934647173965995,1.2801376672127764
52.550000000000004,19.442094395565356,3.887126493190311
52.6,18.449080817535965,2.219051042023121
52.650000000000006,18.671823142735512,1.1631204569928646
52.7,17.814652797050908,2.4964051364242597
52.75000000000001,18.098126827525252,3.747254518989306
52.800000000000004,16.709010121158816,3.741847271322624
52.85,18.979085174425826,2.921358283062741
52.900000000000006,15.468706046729894,3.952366612304168
52.95,18.483461805465836,5.333735009336058
53.00000000000001,18.554795082005,2.76375256260431
53.050000000000004,19.888362950104476,0.009157726343409944
53.1,19.56010901612064,4.302644521570606
53.150000000000006,17.779277341856897,3.637481618512289
53.2,16.895312186317106,5.946785444310917
53.25000000000001,16.83469800922433,3.601907869475604
53.300000000000004,19.385002107686425,3.319149025017236
53.35,18.20305149235783,3.5588274382844425
53.400000000000006,18.72206090810895,1.8850007552842372
53.45,17.567243088393504,3.6650195802886345
53.50000000000001,18.91863779581726,2.0273129940893897
53.550000000000004,16.88948444548859,6.896871872392877
53.6,19.88386237851794,4.549288790536824
53.650000000000006,20.195793145690796,0.6841859772983456
53.7,17.951314007795787,3.319740917361101
53.75000000000001,17.784740827758174,2.1627467608890516
53.800000000000004,18.719181423990612,3.5070441634690717
53.85,17.806272656648304,4.969925304371665
53.900000000000006,17.715314643422385,2.1364224506169567
53.95,18.424500521350833,6.156453930563158
54.00000000000001,21.16813209653482,2.258238456302755
54.050000000000004,19.168453119773645,4.449599439510782
54.1,18.935060588421656,4.0802288622356
54.150000000000006,17.663456087785725,5.211584361965272
54.2,16.88972856120509,3.9238579233482542
54.25000000000001,17.240192936230468,-1.0084010411783995
54.300000000000004,17.698781426060467,3.231147715749756
54.35,17.641351021148136,5.100751709534309
54.400000000000006,18.31825471173479,2.729185387712757
54.45,16.84490415801379,4.151507650903102
54.50000000000001,20.599246101489847,4.6341485920514165
54.550000000000004,17.396415446415006,4.343026394561429
54.6,17.355359771342023,4.799996753306371
54.650000000000006,18.852147573104407,5.6065254413267045
54.7,18.619621573518764,3.4502993175985384
54.75000000000001,17.635946682494296,4.683462637741196
54.800000000000004,17.327666108355018,4.760099469268767
54.85,20.6180086142713,3.3184608095730006
54.900000000000006,18.149874531945372,4.831156076691238
54.95,16.492255925098643,6.658638108255569
55.00000000000001,16.903379017477313,3.170152802395136
55.050000000000004,19.74691799723502,1.5084457184634585
55.1,18.254884843204692,2.631966831156311
55.150000000000006,16.806901543482734,3.2115517592291027
55.2,20.20328747295556,2.762205997755652
55.25000000000001,20.012694495021783,4.141021502121795
55.300000000000004,18.86260542226799,3.9399256366037005
55.35,20.087386393075274,5.6377813267420755
55.400000000000006,21.23048082242675,6.701773427337713
55.45,19.29035633160203,2.5659200286096198
55.50000000000001,16.87178865056437,5.291011930067089
55.550000000000004,17.379486974336068,1.943844889565997
55.6,18.862172322190357,4.248675284518448
55.650000000000006,15.393796429712348,2.1795248140957284
55.7,16.573678335551417,1.3881392051920352
55.75000000000001,19.367013039648345,3.3829409071500307
55.800000000000004,18.809278988303273,2.5709145897244743
55.85,16.625495160692466,2.8753212133133847
55.900000000000006,20.365185447874396,4.668181298778076
55.95,18.673751935464388,5.56365717201127
56.00000000000001,17.245804014480456,2.4658460578663854
56.050000000000004,19.625523840253003,5.904906785463666
56.1,18.405656554270212,2.9457796171690775
56.150000000000006,17.04739482317422,2.7927389837871157
56.2,16.58814480699205,4.668703980233921
56.25000000000001,17.322513816547854,6.193949239343112
56.300000000000004,19.79798961356261,2.910904881526122
56.35,16.560724837670758,4.398494247253093
56.400000000000006,16.651684771908812,4.080952462503523
56.45,19.407002533735344,1.2874348019945687
56.50000000000001,18.59658030720014,3.9478885262835886
56.550000000000004,16.883240355038765,1.544391335405935
56.6,18.505839722259655,0.8287640776186147
56.650000000000006,17.72427149485115,1.5290134419406987
56.7,19.854030964381593,3.2519636833385914
56.75000000000001,20.302065783399787,3.845458921997751
56.800000000000004,18.616241783027753,5.320628721283036
56.85,15.48692988876662,6.432140151541399
56.900000000000006,17.851075875363122,3.0844530315318885
56.95,18.27891038899527,2.3324778971785296
57.00000000000001,19.17364014869583,5.182796364273909
57.050000000000004,17.54010394490478,2.7540622631669325
57.1,19.859125747551662,3.3955700711163046
57.150000000000006,19.693982364108074,5.022408165164578
57.2,18.167125204588068,3.2745562636703482
57.25000000000001,19.067037891510928,4.3780575326729485
57.300000000000004,14.794501530555406,1.030962958414574
57.35,18.714890167523777,2.9746433792118547
57.400000000000006,18.27538093278061,3.541007207788738
57.45,18.44921347905016,0.7806926338382056
57.50000000000001,19.202111130520322,2.4963503892218117
57.550000000000004,19.010432079976958,1.4276867904062724
57.6,17.51270883389627,0.9726099034081419
57.650000000000006,16.410892487113067,1.9673981722893612
57.7,18.73523245771087,6.4658489471605165
57.75000000000001,20.05302492054185,4.419300305558758
57.800000000000004,15.651225775139924,2.020636214545314
57.85,20.243879773962757,4.552754832052876
57.900000000000006,16.00756074658175,3.860934182643135
57.95,17.214052129313334,4.349224383707796
58.00000000000001,15.945305747795015,4.700456306881048
58.050000000000004,19.233492477221493,3.516845252801752
58.1,17.40699226264967,6.420834836027286
58.150000000000006,19.353375481679272,5.35119821464262
58.2,18.29680015511321,5.299238798297529
58.25000000000001,17.33740380613381,2.776851922718792
58.300000000000004,19.683694011913214,3.6281335094326224
58.35,17.98302601043761,1.7961357011439723
58.400000000000006,17.717336688353054,4.654416180089198
58.45,19.06068545685774,3.8416209265787247
58.50000000000001,18.35578916990087,3.459308746336794
58.550000000000004,17.93646410966886,8.079069584490398
58.6,19.6765306221209,4.824126037588133
58.650000000000006,16.573508535345667,2.1979685437292185
58.7,17.957111615628445,1.2980992174020276
58.75000000000001,18.318683459743443,5.776463210548403
58.800000000000004,20.947822971356054,2.6943475568792437
58.85,19.99728030804707,1.2970748481569094
58.900000000000006,18.112048369115165,2.4556617004831596
58.95,18.392470752732105,3.093755378990968
59.00000000000001,18.807344902798107,3.0125699574673668
59.050000000000004,17.945619328103575,3.643010296924935
59.1,18.931462486873006,3.11690193138759
59.150000000000006,15.377761950718483,1.4212868165867856
59.2,17.379327428083915,3.434303446107949
59.25000000000001,17.156702234828984,0.5236512270881719
59.300000000000004,17.655943738157614,2.502059190762749
59.35,18.28497080162492,4.050120864273059
59.400000000000006,18.502216662452902,5.7296854115382985
59.45,19.775597374072696,4.130117406646457
59.50000000000001,17.944297335354598,1.2097972128634273
59.550000000000004,21.18884632697591,3.6207812970205744
59.6,18.803665683924137,1.6254672074131689
59.650000000000006,20.920249403453493,2.7812492269654596
59.7,19.01316877494567,1.3732468208525423
59.75000000000001,18.545375479510405,5.656029023925794
59.800000000000004,17.789350259766394,2.292894523982622
59.85,22.644351922496693,2.366763994579199
59.900000000000006,20.49768066840876,4.97832565934029
59.95,17.699428354588438,2.0254519269911326
60.00000000000001,17.123581309347085,4.847364762081111
60.050000000000004,16.602519312856824,4.618090485002702
60.1,17.610223590504113,5.196758226333755
60.150000000000006,15.931157589251422,2.115158534513248
60.2,17.614774435832935,1.8305506566713299
60.25000000000001,20.32113031537997,4.4080620596310975
60.300000000000004,18.290830462718024,3.068974502131354
60.35,18.89848338859106,4.357670386916058
